{
	"pattrstorage" : 	{
		"name" : "main",
		"slots" : 		{
			"1" : 			{
				"id" : 1,
				"data" : 				{
					"period" : [ 0.048192370682955, 0.201508268713951, 0.21172933280468, 0.221950396895409, 0.232171446084976, 0.242392510175705, 0.252613574266434, 0.255865722894669, 0.259117871522903, 0.262370049953461, 0.265622198581696, 0.26887434720993, 0.272126495838165, 0.275378674268723, 0.278630822896957, 0.281882971525192, 0.285135120153427, 0.288387268781662, 0.290942549705505, 0.293497800827026, 0.29605308175087, 0.298608332872391, 0.301163613796234, 0.303718864917755, 0.306274145841599, 0.30882939696312, 0.311384677886963, 0.313939929008484, 0.316495209932327, 0.319050461053848, 0.321605741977692, 0.324160993099213, 0.326716244220734, 0.329271525144577, 0.331826776266098, 0.334382057189941, 0.336937308311462, 0.339492589235306, 0.343100011348724, 0.346707463264465, 0.350314885377884, 0.353922307491302, 0.357529759407043, 0.361137181520462, 0.364744603633881, 0.368352055549622, 0.37195947766304, 0.375566899776459, 0.3791743516922, 0.382781773805618, 0.386389225721359, 0.389996647834778, 0.393604069948196, 0.397211521863937, 0.400818943977356, 0.403885275125504, 0.406951576471329, 0.410017907619476, 0.413084208965302, 0.416150540113449, 0.419216841459274, 0.422283172607422, 0.425349473953247, 0.428415805101395, 0.431482136249542, 0.434548437595367, 0.437614768743515, 0.44068107008934, 0.443747401237488, 0.446813702583313, 0.451242834329605, 0.455671966075897, 0.460101097822189, 0.464530229568481, 0.468959331512451, 0.473388463258743, 0.477817595005035, 0.482246726751328, 0.48667585849762, 0.491104960441589, 0.495534092187881, 0.499963223934174, 0.504392325878143, 0.508821487426758, 0.513250589370728, 0.517631053924561, 0.522011518478394, 0.526391983032227, 0.53077244758606, 0.535152852535248, 0.539533317089081, 0.543913781642914, 0.550484478473663, 0.557055175304413, 0.563625812530518, 0.570196509361267, 0.576767206192017, 0.583337903022766, 0.589908540248871, 0.594289004802704, 0.598669469356537, 0.60304993391037, 0.607430398464203, 0.611810803413391, 0.616191267967224, 0.620571732521057, 0.626704394817352, 0.632836997509003, 0.638969659805298, 0.645102262496948, 0.651234924793243, 0.661455988883972, 0.671677052974701, 0.675509929656982, 0.679342806339264, 0.68317574262619, 0.687008619308472, 0.575378835201263, 0.282869219779968, 0.422923684120178, 0.523976445198059, 0.327198296785355, 0.277562767267227, 0.481438159942627, 0.545262098312378, 0.522234559059143, 0.449568569660187, 0.439016461372375 ],
					"length" : [ 0.803670585155487, 0.883744955062866, 0.800205528736115, 0.60251122713089, 0.407705277204514, 0.331120938062668, 0.418099373579025, 0.83010345697403, 0.826270580291748, 0.822437644004822, 0.81860476732254, 0.814771890640259, 0.814771890640259, 0.814771890640259, 0.808639228343964, 0.802506625652313, 0.796373963356018, 0.790241360664368, 0.784108698368073, 0.780701696872711, 0.777294635772705, 0.773887634277344, 0.768777132034302, 0.763666570186615, 0.758556067943573, 0.753445506095886, 0.74867570400238, 0.74390584230423, 0.739136040210724, 0.734366178512573, 0.729596376419067, 0.724826574325562, 0.720056712627411, 0.715286910533905, 0.710517048835754, 0.705747246742249, 0.700977385044098, 0.696207582950592, 0.691437780857086, 0.686667919158936, 0.68189811706543, 0.677882671356201, 0.673867285251617, 0.669851839542389, 0.665836453437805, 0.661821007728577, 0.657805621623993, 0.653790175914764, 0.649774789810181, 0.645759344100952, 0.641743957996368, 0.63772851228714, 0.633713126182556, 0.629697680473328, 0.625682294368744, 0.621991336345673, 0.618300378322601, 0.61460942029953, 0.610918521881104, 0.607227563858032, 0.603536605834961, 0.599845707416534, 0.596154749393463, 0.592463791370392, 0.588772892951965, 0.585081934928894, 0.581390976905823, 0.577700078487396, 0.574009120464325, 0.570318162441254, 0.566627264022827, 0.562936305999756, 0.559245347976685, 0.555361390113831, 0.551477372646332, 0.547593355178833, 0.543709337711334, 0.53982537984848, 0.535941362380981, 0.532057344913483, 0.528173327445984, 0.52428936958313, 0.520405352115631, 0.516521334648132, 0.512637317180634, 0.50875335931778, 0.504869341850281, 0.500985324382782, 0.497101336717606, 0.493217319250107, 0.48933333158493, 0.485449314117432, 0.481565326452255, 0.477681308984756, 0.47379732131958, 0.469913303852081, 0.466029316186905, 0.462145298719406, 0.458312392234802, 0.454479515552521, 0.450646609067917, 0.446813702583313, 0.442980825901031, 0.439147919416428, 0.435315012931824, 0.431482136249542, 0.427649229764938, 0.423816323280334, 0.419983416795731, 0.416150540113449, 0.412317633628845, 0.408484727144241, 0.40465185046196, 0.400818943977356, 0.396986037492752, 0.393153160810471, 0.389320254325867, 0.385487347841263, 0.381654441356659, 0.377821564674377, 0.373988658189774, 0.37015575170517, 0.353120654821396, 0.336085557937622, 0.319050461053848, 0.302015364170074, 0.284980267286301, 0.0 ],
					"speed" : [ -2.172185897827148, -2.172185897827148, -2.172185897827148, -2.172185897827148, -2.172185897827148, -2.172185897827148, -2.172185897827148, -2.172185897827148, -2.172185897827148, -2.172185897827148, -2.172185897827148, -2.172185897827148, -2.172185897827148, -2.172185897827148, -2.172185897827148, -2.172185897827148, -2.172185897827148, -2.172185897827148, -2.172185897827148, -2.172185897827148, -2.172185897827148, -2.172185897827148, -2.172185897827148, -2.172185897827148, -2.172185897827148, -2.172185897827148, -0.411107271909714, 0.110166803002357, -0.012485915794969, -0.196465000510216, -0.33444932103157, -0.472433626651764, -0.625749528408051, -0.779065430164337, -0.932381331920624, -1.085697174072266, -1.269676327705383, -1.514981746673584, -1.760287165641785, -1.484318614006042, -1.239013075828552, -0.932381331920624, -0.794396996498108, -0.656412720680237, -0.54398101568222, -0.431549370288849, -0.319117724895477, -0.150470227003098, 0.018177265301347, 0.181714221835136, 0.345251172780991, 0.508788168430328, 0.651883006095886, 0.794977843761444, 0.938072681427002, 1.137383341789246, 1.336694002151489, 1.438904643058777, 1.541115164756775, 1.704652190208435, 1.735315322875977, 1.643325805664063, 1.536004662513733, 1.428683519363403, 1.12205171585083, 0.692767202854156, 0.498567074537277, 0.304366946220398, 0.110166803002357, -0.227128177881241, -0.482654690742493, -0.738181173801422, -0.993707656860352, -1.228792071342468, 2.379242181777954, 2.578552722930908, 2.777863502502441, 2.885184526443481, 2.992505788803101, 2.996252775192261, 3.0, 3.0, 3.0, 2.936175584793091, 2.872351169586182, 2.808526754379272, 2.66543173789978, 2.522336959838867, 2.379242181777954, 2.210594654083252, 2.04194712638855, 1.796641707420349, 1.551336288452148, 1.260036110877991, 0.968735873699188, 0.677435636520386, 0.079503625631332, -0.288454532623291, 0.478124976158142, 0.907409489154816, 1.152714967727661, 1.306030869483948, 1.382688760757446, 1.490009903907776, 1.336694002151489, 0.968735873699188, -0.96304452419281, -1.576308131217957, -0.96304452419281, -0.533759951591492, -0.104475453495979, 0.186824753880501, 0.478124976158142, 0.99939900636673, 1.111830711364746, 1.224262356758118, 1.336694002151489, 1.398020386695862, 1.428683519363403, 1.428683519363403, 1.36735725402832, 1.28558874130249, 1.20382022857666, 1.12205171585083, 0.984067440032959, 0.846083104610443, 0.631440877914429, -2.005592584609985 ],
					"grainEnv" : [ 0.0 ],
					"waveformClSy::wfUnit_rangeMove::1196-wfStart" : [ 462333.689466331619769 ],
					"waveformClSy::wfUnit_rangeMove::1196-wfEnd" : [ 464844.437852524279151 ],
					"waveformClSy::wfUnit_rangeMove[1]::1195-wfStart" : [ 442247.815755478746723 ],
					"waveformClSy::wfUnit_rangeMove[1]::1195-wfEnd" : [ 444758.541465933725704 ],
					"waveformClSy::wfUnit_rangeMove[2]::1194-wfStart" : [ 522591.333274627919309 ],
					"waveformClSy::wfUnit_rangeMove[2]::1194-wfEnd" : [ 525102.058985082898289 ]
				}

			}
,